{"cameraMode":{"drawMode":0,"name":"Shaded","section":"Shading Mode"},"sceneLighting":true,"audioPlay":false,"sceneViewState":{"m_AlwaysRefresh":false,"showFog":true,"showSkybox":true,"showFlares":true,"showImageEffects":true,"showParticleSystems":true,"showVisualEffectGraphs":true,"m_FxEnabled":true},"in2DMode":false,"pivot":{"x":-3.8915135860443117,"y":-1.0378735065460206,"z":15.072593688964844},"rotation":{"x":0.3135654926300049,"y":-0.17361310124397279,"z":0.05844419449567795,"w":0.9317927360534668},"size":6.721173286437988,"orthographic":false}